[
    {
        "model": "exam.examcategory",
        "pk": "1",
        "fields": {
            "name": "JAVA",
            "local_name": "جاوا"
        }
    },
    {
        "model": "exam.examcategory",
        "pk": "10",
        "fields": {
            "name": "BeginningJAVA",
            "local_name": "جاوا مقدماتی",
            "parent": 1


        }
    },
    {
        "model": "exam.examcategory",
        "pk": "11",
        "fields": {
            "name": "Spring",
            "local_name": "Spring",
            "parent": 1


        }
    },
    {
        "model": "exam.examcategory",
        "pk": "12",
        "fields": {
            "name": "JPA",
            "local_name": "JPA",
            "parent": 1


        }
    },
    {
        "model": "exam.examcategory",
        "pk": "2",
        "fields": {
            "name": "Python",
            "local_name": "پایتون"
        }
    },
    {
        "model": "exam.examcategory",
        "pk": "3",
        "fields": {
            "name": "Linux",
            "local_name": "لینوکس"
        }
    },
    {
        "model": "exam.exam",
        "pk": "1",
        "fields": {
            "name": "JAVA Elementary",
            "local_name": "جاوا مقدماتی",
            "start_date": "2014-02-06 00:00:00",
            "description": "در این آزمون میزان آشنایی شما با زبان جاوا سنجیده می شود.  <br  />برای شرکت در این آزمون تنها داشتن آشنایی اولیه با این زبان کافی است.",
            "category": 10,
            "duration": 100,
            "number_of_attempts":3

        }
    },
    {
        "model": "exam.exam",
        "pk": "2",
        "fields": {
            "name": "JAVA Generics",
            "local_name": "JAVA Generics",
            "start_date": "2014-02-04 00:00:00",
            "description": "",
            "category": 10,
            "duration": 100
        }
    },
    {
        "model": "exam.exam",
        "pk": "3",
        "fields": {
            "name": "Python Elementary",
            "local_name": "پایتون مقدماتی",
            "start_date": "2014-10-10 00:00:00",
            "description": "",
            "category": 2,
            "duration": 100
        }
    },
    {
        "model": "exam.exam",
        "pk": "4",
        "fields": {
            "name": "Django",
            "local_name": "Django",
            "start_date": "2014-10-10 00:00:00",
            "description": "",
            "category": 2,
            "duration": 100
        }
    },
    {
        "model": "exam.exam",
        "pk": "5",
        "fields": {
            "name": "Bash Scripting",
            "local_name": "اسکربپت نویسی Bash",
            "start_date": "2014-10-10 00:00:00",
            "description": "",
            "category": 3,
            "duration": 100
        }
    },
    {
        "model": "exam.exam",
        "pk": "6",
        "fields": {
            "name": "Administration I",
            "local_name": "مدیریت ۱",
            "start_date": "2014-10-10 00:00:00",
            "description": "",
            "category": 3,
            "duration": 100
        }
    },
    {
        "model": "exam.exam",
        "pk": "7",
        "fields": {
            "name": "Administration II",
            "local_name": "مدیریت ۲",
            "start_date": "2014-10-10 00:00:00",
            "description": "",
            "category": 3,
            "duration": 100
        }
    },
    {
        "model": "exam.exam",
        "pk": "8",
        "fields": {
            "name": "Services",
            "local_name": "سرویس",
            "start_date": "2014-10-10 00:00:00",
            "description": "",
            "category": 3,
            "duration": 100

        }
    },
    {
        "model": "exam.exam",
        "pk": "9",
        "fields": {
            "name": "BeanFactory",
            "local_name": "Bean Factory",
            "start_date": "2014-10-10 00:00:00",
            "description": "یه مقدار اطلاعات فارسی در مورد اسپرینگ و اینکه در این بهش چه چیزی مورد امتحان قرار میگیرهق",
            "category": 11,
            "duration": 100
        }
    },
    {
        "model": "exam.exam",
        "pk": "10",
        "fields": {
            "name": "IOC",
            "local_name": "Inversion Of Control",
            "start_date": "2014-10-10 00:00:00",
            "description": "",
            "category": 11,
            "duration": 100
        }
    },
    {
        "model": "exam.exam",
        "pk": "11",
        "fields": {
            "name": "Spring JDBC",
            "local_name": "Spring JDBC",
            "start_date": "2014-10-10 00:00:00",
            "description": "ذتفذ رقترلق تقرت ربتر لقتر  رقت لرت لرلرتر لت رلرت برت  لرت ر تر رت رلرتر ",
            "category": 11,
            "duration": 100
        }
    },
    {
        "model": "exam.exam",
        "pk": "12",
        "fields": {
            "name": "Spring MVC",
            "local_name": "Spring MVC",
            "start_date": "2014-10-10 00:00:00",
            "description": "بی یتیت ییتی یت یثتز شیدززد بتث ه یتصیهی تیضخ تصح بتبصت",
            "category": 11,
            "duration": 100
        }
    },
    {
        "model": "exam.exam",
        "pk": "13",
        "fields": {
            "name": "Spring Data",
            "local_name": "Spring Data",
            "start_date": "2014-10-10 00:00:00",
            "description": "لاط تین بتی تب بتص بتثقهث زدزپی راثخ زثخهتز تخهث بهخثصتب تبثق ثخهتر",
            "category": 11,
            "duration": 100
        }
    },
    {
        "model": "exam.exam",
        "pk": "14",
        "fields": {
            "name": "Hibernate Elementary",
            "local_name": "Hibernate Elementary",
            "start_date": "2014-10-10 00:00:00",
            "description": "لاط تین بتی تب بتص بتثقهث زدزپی راثخ زثخهتز تخهث بهخثصتب تبثق ثخهتر",
            "category": 12,
            "duration": 100
        }
    },
    {
        "model": "exam.exam",
        "pk": "15",
        "fields": {
            "name": "Toplink Elementary",
            "local_name": "Toplink Elementary",
            "start_date": "2014-10-10 00:00:00",
            "description": "لاط تین بتی تب بتص بتثقهث زدزپی راثخ زثخهتز تخهث بهخثصتب تبثق ثخهتر",
            "category": 12,
            "duration": 100
        }
    },
    {
        "model": "exam.requiredknowledge",
        "pk": "1",
        "fields": {
            "name": "متغیرها",
            "exams": [1, 2, 3]
        }
    },
    {
        "model": "exam.Question",
        "pk": "1",
        "fields": {
            "text": "کدام یک از گزینه ها کلمه کلیدی در جاوا نیست؟‎‎",
            "exam": 1
        }
    },
    {
        "model": "exam.Question",
        "pk": "2",
        "fields": {
            "text": "آیا بدون استفاده از جاوا میتوان نفس کشید؟‎‎",
            "exam": 1
        }
    },
    {
        "model": "exam.Question",
        "pk": "3",
        "fields": {
            "text": "در نسخ مختلف جاوا امکانات مختلفی به این زبان اضافه شده است. <br /> یکی از این امکانات Generic است. <br /> کدام گزینه ها در مورد Generic صحیح است.",
            "exam": 1
        }
    },
    {
        "model": "exam.Question",
        "pk": "4",
        "fields": {
            "text": "فرض کنید که متد زیر synchronized تعریف شده است و توسط آبجکت B از نخ A صدا زده شده است <br /> wait(2000); <br /> بعد از فراخوانی این متد  چه زمانی نخ A میتواند کاندید استفاده از پردازشگر باشد؟",
            "exam": "1",
            "image": "question/images/4.png"
        }
    },
    {
        "model": "exam.Choice",
        "pk": "-1",
        "fields": {
            "text": "بدون پاسخ",
            "question": 1,
            "answer": false
        }
    },
    {
        "model": "exam.Choice",
        "pk": "1",
        "fields": {
            "text": "if",
            "question": 1,
            "answer": false
        }
    },
    {
        "model": "exam.Choice",
        "pk": "2",
        "fields": {
            "text": "while",
            "question": 1,
            "answer": false
        }
    },
    {
        "model": "exam.Choice",
        "pk": "3",
        "fields": {
            "text": "goto",
            "question": 1,
            "answer": false
        }
    },
    {
        "model": "exam.Choice",
        "pk": "4",
        "fields": {
            "text": "sealed",
            "question": 1,
            "answer": true
        }
    },
    {
        "model": "exam.Choice",
        "pk": "5",
        "fields": {
            "text": "خیر",
            "question": 2,
            "answer": false
        }
    },
    {
        "model": "exam.Choice",
        "pk": "6",
        "fields": {
            "text": "بله",
            "question": 2,
            "answer": true
        }
    },
    {
        "model": "exam.Choice",
        "pk": "7",
        "fields": {
            "text": "این امکان در نسخه ۴ به جاوا اضافه شده است.",
            "question": 3,
            "answer": false
        }
    },
    {
        "model": "exam.Choice",
        "pk": "8",
        "fields": {
            "text": "از این امکان تنها میتوان در تعریف کلاسها استفاده نمود و در مواردی مانند تعریف متغیر و یا تعریف متد کاربرد ندارد",
            "question": 3,
            "answer": false
        }
    },
    {
        "model": "exam.Choice",
        "pk": "9",
        "fields": {
            "text": "این امکان میتواند در افزایش قابلیت استفاده مجدد کدها بسیار مفید باشد",
            "question": 3,
            "answer": true
        }
    },
    {
        "model": "exam.Choice",
        "pk": "10",
        "fields": {
            "text": "کلاسها را میتوان به گونه ای طراحی کرد بتوان از آنها در دوحالت Generic و غیر Generic استفاده نمود.",
            "question": 3,
            "answer": true
        }
    },
    {
        "model": "exam.Choice",
        "pk": "11",
        "fields": {
            "text": "بعد از اینکه نخ A notify شود و یا پس از گذشت ۲ ثانیه",
            "question": 4,
            "answer": true
        }
    },
    {
        "model": "exam.Choice",
        "pk": "12",
        "fields": {
            "text": "پس از آزاد شدن قفل درون B و یا گذشت ۲ ثانیه",
            "question": 4,
            "answer": false
        }
    },
    {
        "model": "exam.Choice",
        "pk": "13",
        "fields": {
            "text": "۲ ثانیه پس از notify شدن نخ A",
            "question": 4,
            "answer": false
        }
    },
    {
        "model": "exam.Choice",
        "pk": "14",
        "fields": {
            "text": "۲ ثانیه پس از آزاد شدن قفل آبجکت B",
            "question": 4,
            "answer": false
        }
    },

    {
        "model": "user_profile.registeredexam",
        "pk": "1",
        "fields": {
            "user_profile": 1,
            "registeration_date": "2014-10-10 00:00:00",
            "is_done": false,
            "exam": 1
        }
    },
    {
        "model": "user_profile.registeredexam",
        "pk": "2",
        "fields": {
            "user_profile": 1,
            "registeration_date": "2014-10-10 00:00:00",
            "is_done": true,
            "exam": 2
        }
    }


]